score,bucket,n_genes,n_sub_buckets,genes
Angiogenesis,Angiogenic Signalling,676,14,AAMP;ABL1;ACKR3;ACVR1;ACVRL1;ADAM10;ADAM17;ADAMTS12;ADAMTS3;ADAMTS9;ADGRA2;ADGRB1;ADGRG6;ADGRL2;ADIPOQ;ADM;ADORA2B;ADTRP;AGGF1;AGT;AGTR1;AGTR2;AIMP1;AKT1;AKT2;AKT3;ALDH1A2;ALOX5;AMOT;ANG;ANGPT1;ANGPT2;ANGPT4;ANXA1;ANXA3;APELA;APLN;APLNR;APOA1;APOD;APOE;APOH;APP;ARID5B;ARNT;ASB4;ATF4;ATOH8;ATP2B4;ATP5F1A;ATP5F1B;ATP5IF1;BAD;BCAR1;BCAS3;BMP10;BMP4;BMP6;BMPER;BMPR2;BRCA1;BSG;C3;C3AR1;C5;C5AR1;CALCA;CALR;CARD10;CASP9;CAV1;CAV2;CBL;CBLB;CCBE1;CCL11;CCL2;CCL24;CCL26;CCM2;CCN2;CCN3;CCND2;CCR2;CCR3;CD34;CD40;CDC42;CDH13;CDH5;CDKN1A;CDKN1B;CEACAM1;CEMIP2;CEP57;CHURC1;CIB1;CITED1;CITED2;CLASP2;CLEC14A;CLIC3;CLN3;CNMD;COL4A1;COL4A3;COL8A1;COL8A2;CORO1B;CREB3L1;CRIPTO;CRKL;CSNK2B;CSPG4;CSRNP1;CTNNB1;CTNND1;CUL7;CXCL12;CXCL13;CXCL17;CXCL6;CXCR3;CYBA;CYP1B1;DAB2;DAB2IP;DBH;DCN;DLG1;DLL1;DLL4;DNAJA4;DPP4;DSG2;DSTYK;E2F2;E2F7;E2F8;ECM1;EDN1;EDN2;EDNRA;EFNA1;EFNB2;EGF;EGFL7;EGFL8;EGFR;EGLN3;EGR3;EHD4;EIF2AK3;EMC10;EMP2;ENG;EPHA2;EPHB4;EPN1;EPN2;ERN1;ESM1;ETS1;EXT1;EZR;F3;F7;FAM20C;FAP;FER;FGF1;FGF10;FGF12;FGF14;FGF16;FGF17;FGF18;FGF19;FGF2;FGF20;FGF21;FGF22;FGF23;FGF3;FGF4;FGF5;FGF6;FGF7;FGF8;FGF9;FGFBP1;FGFBP3;FGFR1;FGFR2;FGFR3;FGFR4;FGFRL1;FIBP;FKBPL;FLRT1;FLRT2;FLRT3;FLT1;FLT4;FN1;FOXC2;FOXF1;FOXP1;FRS2;FRS3;FSHR;FSTL1;FUT1;FUT2;FZD4;GAB1;GADD45A;GALNT3;GATA2;GATA3;GATA4;GBX2;GDF2;GFUS;GHRL;GHSR;GIPC1;GJC1;GLMN;GLUL;GNA13;GPC1;GPI;GPLD1;GPX1;GRB2;GREM1;GRN;HAS2;HDAC5;HDAC7;HDAC9;HEG1;HEY1;HEY2;HGF;HGS;HHIP;HIF1A;HIF1AN;HIP1;HIP1R;HMGB1;HMGB2;HMOX1;HOXA13;HPSE;HRAS;HRG;HSPA12B;HSPB1;HSPG2;HTR2B;ID1;IFT20;IFT80;IGF2;IHH;IL10;IL12A;IL12B;IL1A;IL1B;IL1R1;IL6;IL6R;IL6ST;IQGAP1;ISL1;ITGA4;ITGA5;ITGAV;ITGB1;ITGB1BP1;ITGB2;ITGB3;ITGB8;JAK1;JAK2;JCAD;JMJD6;JMJD7-PLA2G4B;JMJD8;JUN;JUNB;JUP;KANK2;KDR;KIF16B;KL;KLB;KLF2;KLF4;KRAS;KRIT1;LCN2;LEF1;LEP;LGALS8;LGMN;LIPA;LOX;LOXL2;LPXN;LRG1;LRIG2;LRIT3;LRP1;MAP2K1;MAP2K2;MAP2K3;MAP2K5;MAPK1;MAPK11;MAPK12;MAPK13;MAPK14;MAPK3;MAPKAPK2;MAPKAPK3;MDK;MECP2;MEF2C;MEOX2;MET;MIA3;MICALL1;MIR1-1;MIR101-1;MIR106A;MIR107;MIR10A;MIR10B;MIR125A;MIR126;MIR129-1;MIR143;MIR146A;MIR15A;MIR15B;MIR16-1;MIR17;MIR18A;MIR195;MIR199A1;MIR19A;MIR19B1;MIR200A;MIR200B;MIR200C;MIR205;MIR20A;MIR20B;MIR21;MIR221;MIR222;MIR23A;MIR29A;MIR29C;MIR30A;MIR30B;MIR30C1;MIR30E;MIR31;MIR34A;MIR34B;MIR34C;MIR98;MIRLET7A1;MIRLET7B;MIRLET7F1;MMP14;MMRN1;MMRN2;MSN;MUC20;MYDGF;MYH9;MYO18B;MYO1E;MYOCD;NAXE;NDRG2;NDRG4;NDST1;NF1;NFATC2;NFATC4;NFE2L2;NFKB1;NGFR;NHERF1;NKX2-5;NODAL;NOG;NOS3;NOTCH1;NOTCH4;NOX1;NOX5;NPR2;NPTN;NR2E1;NR2F2;NR4A1;NR4A3;NRARP;NRAS;NRP1;NRP2;NRXN1;NTRK2;NUS1;OFD1;OTULIN;OTX2;P2RX4;P3R3URF-PIK3R3;PACSIN2;PAK1;PARVA;PATZ1;PAXIP1;PDCD10;PDCD6;PDCL3;PDGFA;PDGFB;PDGFC;PDGFD;PDGFRA;PDGFRB;PDGFRL;PDHA2;PDPK1;PECAM1;PF4;PGF;PHF14;PIK3C2A;PIK3CA;PIK3CB;PIK3CD;PIK3CG;PIK3R1;PIK3R2;PIK3R3;PITX2;PKM;PLA2G4A;PLA2G4B;PLA2G4C;PLA2G4D;PLA2G4E;PLA2G4F;PLAT;PLCG1;PLCG2;PLEKHA1;PLEKHG5;PLG;PLK2;PLPP3;PLXNB3;PLXND1;PNPO;POLD4;PPARG;PPARGC1A;PPP1R16B;PPP3CA;PPP3CB;PPP3CC;PPP3R1;PPP3R2;PRCP;PRDM14;PRG2;PRKCA;PRKCB;PRKCG;PRKD1;PRKD2;PRKG1;PRKX;PRL;PROK1;PROK2;PROX1;PRSS3;PTGIR;PTGS2;PTK2;PTK2B;PTN;PTP4A3;PTPN1;PTPN11;PTPN12;PTPN2;PTPRJ;PTPRM;PXN;QKI;RAB13;RAB14;RAC1;RAC2;RAC3;RAF1;RAMP2;RAP1A;RAPGEF2;RASA1;RASIP1;RBM15;RECK;RELA;RGCC;RGS14;RHOA;RHOB;RHOD;RHOJ;RICTOR;RIN2;RNF213;ROBO1;ROBO4;ROCK2;RORA;RPS27A;RPTOR;RRAS;RSPO3;RTN4;RUNX2;S100A1;S100A12;S100A2;S100A7;S100A7A;S100A7L2;S100A8;S100A9;S100P;SARS1;SASH1;SCARB1;SCG2;SEMA3E;SEMA4A;SEMA5A;SEMA6A;SERPINA5;SERPINF1;SFRP2;SGPL1;SH2D2A;SH3BP1;SHC2;SHCBP1;SHH;SHOC2;SIRT1;SIRT6;SLC39A14;SLC39A9;SLIT2;SMAD1;SMO;SMOC2;SMPD3;SNAI2;SNCA;SOS1;SOX17;SOX18;SP1;SP100;SPARC;SPHK1;SPHK2;SPP1;SPRED1;SPRY1;SPRY2;SPRY3;SPRY4;SRC;SRF;SRPX2;SST;STARD13;STAT1;STAT3;STAT5A;STC1;STK4;STMN1;STON1;SULF1;SULF2;SVBP;SYNE1;SYNJ2BP;TBX2;TBX20;TBX5;TBXA2R;TEAD2;TEK;TGFB1;TGFBR1;TGFBR2;TGFBR3;TGM2;THAP1;THBS1;THBS4;TIE1;TIPARP;TJP1;TMEM100;TMEM201;TMSB4X;TNF;TNFSF12;TNMD;TNN;TNNI3;TRIM28;TRIM71;TSPAN18;TXNIP;UBA52;UBB;UBC;UBE2L3;VASH1;VASH2;VAV2;VEGFA;VEGFB;VEGFC;VEGFD;VIM;VTN;WARS2;WNT4;WNT5A;WNT7A;WNT7B;WT1;XBP1;XRCC4;YAP1;YJEFN3;ZC3H12A;ZDHHC16;ZEB2;ZFAND5;ZFP36L1;ZFPM2;ZMIZ1;ZNF354C
Angiogenesis,Endothelial Cell Signature,565,14,A2M;ABI3BP;ACKR1;ACTA2;ACVR1;ACVR2B;ACVRL1;ADA2;ADAM10;ADAMTS1;ADAMTS12;ADAMTS5;ADCY4;ADD1;ADGRF5;ADGRL2;ADGRL4;AFDN;AGTR1;AMOTL1;AMOTL2;ANG;ANGPTL2;ANKH;AOC3;APOE;APOLD1;ARAP3;ARHGAP15;ARHGAP25;ARHGAP31;ARHGAP42;ARHGAP6;ARHGDIB;ARHGEF17;ARHGEF26;ARNT;ASPN;ATOH8;ATP1A2;ATP1B1;ATP5F1A;BARX1;BCL6B;BHMT2;BLOC1S6;BMP4;BMP6;BMPR2;BOC;BSG;BTG1;BTNL9;C1orf162;C3;CALCA;CALCRL;CALD1;CALHM2;CALR;CARD6;CAVIN2;CCDC3;CCDC69;CCM2;CD163;CD200;CD248;CD2AP;CD302;CD34;CD36;CD37;CD4;CD48;CD52;CD81;CD93;CDC42;CDH5;CDK17;CDKN2B;CEACAM1;CFTR;CHSY3;CLDN1;CLDN3;CLDN5;CLEC3B;CLIC2;CLIC4;CLIC5;CNN1;CNRIP1;COL14A1;COL15A1;COL18A1;COL21A1;COL3A1;COL4A2;COL5A2;COL5A3;COL6A3;COX4I2;COX7A1;CPED1;CPXM2;CREBL2;CSF2RB;CSGALNACT1;CSNK2B;CTNNB1;CTSO;CXCL10;CYB5R3;CYBRD1;CYGB;CYYR1;DAB2;DCHS1;DDR2;DDX46;DICER1;DKK3;DLC1;DLL1;DLL4;DMD;DPYSL2;DSG2;DUSP6;DYSF;EBF1;ECM2;ECSCR;EDF1;EDIL3;EDN1;EDNRA;EDNRB;ELK3;ELMO1;ELN;EMCN;EMP1;ENPEP;ENPP2;ENTPD1;EPHA3;ERBB2;ERG;ESAM;ETV2;EVI2A;EVI2B;EZR;F11R;F13A1;F2R;F2RL1;FAM107A;FAM13C;FASN;FBLN2;FBLN5;FBN1;FERMT2;FGD5;FGF1;FGFR3;FGL2;FILIP1;FILIP1L;FKBP7;FLI1;FMO2;FNDC1;FOLR2;FOSL2;FOXC2;FOXJ2;FOXO3;FOXP1;FOXP3;FRMD6;FRZB;FSTL1;FXYD5;FXYD6;FYN;FZD1;FZD2;FZD4;GABRA4;GABRB3;GALNT15;GALNT3;GARRE1;GDF2;GEM;GGT5;GIMAP1;GIMAP4;GIMAP5;GIMAP6;GIMAP7;GIMAP8;GIN1;GJA4;GJA5;GJC1;GLT8D2;GMFG;GNG11;GNG2;GPR183;GPR34;GPX1;GRB2;GRK5;GSN;GSTM3;GUCY1B1;GZMK;HAPLN2;HAS2;HECW2;HEG1;HEPH;HEY1;HEY2;HEYL;HMCN1;HNMT;HOXA13;HOXB5;HPSE;HSD17B11;HSPA5;HTRA1;HYAL2;ICAM1;ICAM2;ID1;ID3;IER2;IFFO1;IFNG;IGBP1;IGFBP4;IGFBP7;IKBKB;IL10RA;IL16;IL1B;IPO11;IQGAP2;IRAG1;IRAG2;IRAK3;IRF8;ITGA7;ITGA9;ITGAX;ITGB5;ITIH5;ITK;ITM2A;JAG1;JAG2;JAM2;JAM3;JDP2;KANK2;KANK3;KCNJ8;KCTD12;KDM6B;KDR;KIT;KLF11;KLHDC1;KRAS;KRIT1;KSR1;LAMA4;LAMB2;LATS2;LAYN;LCN2;LDB2;LGALS8;LHFPL6;LIPA;LIX1L;LMO2;LPL;LRPAP1;LRRC17;LRRC32;LRRC8C;LUM;LY75-CD302;MAGI1;MAML2;MAP4K3;MARVELD2;MCAM;MECOM;MESP1;MET;MFAP3;MFAP4;MFGE8;MGP;MIR1-1;MIR10A;MIR199B;MIR200C;MIR21;MIR34A;MIR99B;MMP2;MN1;MPEG1;MPRIP;MS4A6A;MSN;MSRB3;MSX1;MUC20;MUSTN1;MYADM;MYCT1;MYD88;MYH11;MYL9;NAGLU;NCF4;NCOA7;NDP;NEDD4;NEGR1;NES;NID1;NID2;NLRC3;NNMT;NOS3;NOTCH1;NOTCH3;NOTCH4;NPDC1;NR2F2;NRG1;NRP1;NRXN1;NUAK1;NXF1;OLFML1;OLFML2B;OLFML3;OLR1;P2RY14;P2RY8;PALM2AKAP2;PALMD;PCDH12;PCDH17;PCDH18;PCOLCE;PDCD10;PDE2A;PDE4D;PDE5A;PDE7B;PDK4;PDLIM2;PDPN;PEAK1;PEAR1;PECAM1;PELO;PER2;PGLYRP1;PGM5;PIEZO2;PIK3R1;PILRA;PITX2;PJA2;PKM;PLAC9;PLCB1;PLCL1;PLEKHG1;PLN;PLOD3;PLPP1;PLSCR4;PLVAP;PLXDC1;PLXNA2;PMP22;PODXL;POSTN;PPARG;PPARGC1A;PPM1F;PPP1R12A;PPP1R16B;PRELP;PREX1;PRKCH;PRKD2;PRKDC;PRKG1;PROC;PROM1;PROX1;PRRX1;PRSS23;PTGER3;PTGIS;PTPRB;PTPRE;PTPRG;PTPRS;RAB1A;RAB1B;RAMP3;RAP1A;RAP1B;RAP2B;RAP2C;RAPGEF1;RAPGEF2;RAPGEF3;RAPGEF4;RAPGEF6;RARRES2;RASGRP3;RASSF2;RBMS1;RBPJ;RBX1;RCAN2;RCBTB2;RCSD1;RDX;RERE;RFLNB;RGL1;RGS18;RGS5;RHOA;RHOB;RNASE1;RNASE4;RNASE6;RNF144A;RNF38;ROBO4;ROCK1;ROCK2;RPS27A;RPS6KA2;RUNX1T1;S1PR1;S1PR2;S1PR3;SCUBE1;SCUBE3;SELL;SELP;SEMA3G;SEMA6D;SEPTIN8;SERINC1;SERPINI1;SFRP4;SGIP1;SH2B3;SH2D3C;SH3BP5;SHANK3;SHE;SLC30A5;SLC39A1;SLC40A1;SLCO2A1;SLCO2B1;SLIT3;SMAD4;SMAD7;SMOC2;SMTN;SNED1;SNRK;SOCS5;SORBS1;SORBS3;SOX17;SOX18;SPARCL1;SPRED2;SST;ST8SIA4;STAB1;STAMBPL1;STARD13;STC1;STXBP1;SUSD6;SVEP1;SWAP70;SYNE1;SYNE3;SYNPO2;SYT11;TACC1;TAGLN;TCF4;TECPR1;TGFB1I1;TGFBR2;THBD;THEMIS2;THSD7A;THY1;TIE1;TIMP3;TJP1;TJP2;TJP3;TLN1;TMEM100;TMEM204;TMEM47;TNF;TNFRSF1A;TNFRSF21;TNMD;TNS1;TNS2;TNS3;TRIM71;TSPAN4;TSPAN7;TTC28;UNC5B;UTRN;VCAN;VCL;VEGFA;VIM;VWF;WIPF1;ZCCHC24;ZDHHC21;ZEB1;ZNF362;ZNF423;ZNF521;ZNF532
Angiogenesis,Hypoxia Signalling,298,7,ACKR3;ADM;ADORA2B;AGO1;AK4;AKAP12;AKT1;AKT2;AKT3;ALDOA;ALDOB;ALDOC;AMPD3;ANGPT1;ANGPT2;ANGPT4;ANGPTL4;ANKZF1;ANXA2;ARNT;ATF3;ATP7A;B3GALT6;B4GALNT2;BCAN;BCL2;BGN;BHLHE40;BLOC1S6;BNIP3L;BRS3;BTG1;CA12;CAMK2A;CAMK2B;CAMK2D;CAMK2G;CASP6;CAV1;CAVIN1;CAVIN3;CCN1;CCN2;CCN5;CCND2;CCNG2;CDKN1A;CDKN1B;CDKN1C;CHST2;CHST3;CITED2;COL5A1;CP;CREBBP;CSRP2;CUL2;CXCR4;CYBB;DCN;DDIT3;DDIT4;DICER1;DPYSL4;DTNA;DUSP1;EDN1;EDN2;EFNA1;EFNA3;EGF;EGFR;EGLN1;EGLN2;EGLN3;EIF4E;EIF4E1B;EIF4E2;EIF4EBP1;ELOB;ELOC;ENO1;ENO2;ENO3;EP300;EPAS1;EPO;ERBB2;ERO1A;ERRFI1;ETS1;EXT1;F3;FBP1;FLT1;FOS;FOSL2;FOXO3;FSHR;GAA;GALK1;GAPDH;GAPDHS;GBE1;GCK;GCNT2;GLRX;GNE;GNG2;GPC1;GPC3;GPC4;GPI;GRHPR;GYS1;HAS1;HDAC6;HDLBP;HEXA;HIF1A;HK1;HK2;HK3;HKDC1;HMOX1;HOXB9;HS3ST1;HSPA5;HSPB1;HSPG2;IDS;IER3;IFNG;IFNGR1;IFNGR2;IGF1;IGF1R;IGFBP1;IGFBP3;IL6;IL6R;ILVBL;INHA;INS;INSR;IRS2;ISG20;JMJD6;JUN;KDELR3;KDM3A;KIF5A;KLF6;KLF7;KLHL24;LALBA;LARGE1;LDHA;LDHAL6A;LDHAL6B;LDHB;LDHC;LOX;LTBR;LXN;MAFF;MAP2K1;MAP2K2;MAP3K1;MAPK1;MAPK3;MIF;MKNK1;MKNK2;MT1E;MT2A;MTOR;MXI1;MYH9;NAGK;NCAN;NDRG1;NDST1;NDST2;NEDD4L;NFIL3;NFKB1;NOCT;NOS2;NOS3;NPPA;NR3C1;NRP1;P3R3URF-PIK3R3;P4HA1;P4HA2;PAM;PCK1;PDGFB;PDHA1;PDHA2;PDHB;PDK1;PDK3;PELO;PFKFB3;PFKL;PFKM;PFKP;PGAM2;PGF;PGK1;PGK2;PGM1;PGM2;PHKG1;PIK3CA;PIK3CB;PIK3CD;PIK3R1;PIK3R2;PIK3R3;PIM1;PKLR;PKP1;PLAUR;PLCG1;PLCG2;PLIN2;PNRC1;PPARGC1A;PPFIA4;PPP1R15A;PPP1R3C;PRDX5;PRKCA;PRKCB;PRKCG;PRKDC;PRL;PYGM;RBPJ;RBX1;RELA;RORA;RPS6;RPS6KB1;RPS6KB2;RRAGD;S100A4;SAP30;SCARB1;SDC2;SDC3;SDC4;SELENBP1;SELL;SERPINE1;SIAH2;SLC25A1;SLC2A1;SLC2A3;SLC2A5;SLC30A4;SLC37A4;SLC39A14;SRPX;STAT3;STBD1;STC1;STC2;SULT2B1;TEK;TES;TF;TFRC;TGFB3;TGFBI;TGM2;TIMP1;TIPARP;TKTL1;TLR4;TMEM45A;TNFAIP3;TPBG;TPD52;TPI1;TPST2;UGP2;VCL;VEGFA;VHL;VLDLR;WSB1;XPNPEP1;ZFP36;ZNF292
EMT,EMT Initiation,625,13,AASDH;ACKR3;ACVR1;ACVR1B;ACVR1C;ACVR2A;ACVR2B;ADAM17;ADM;ADORA2B;AK4;AKAP12;AKT1;AKT2;AKT3;ALDOA;ALDOB;ALDOC;AMH;AMHR2;AMPD3;ANGPT1;ANGPT2;ANGPT4;ANGPTL4;ANKZF1;ANXA2;APC;APC2;APCDD1;APH1A;APH1B;ARNT;ARRB1;ARRB2;ATF3;ATP7A;ATXN1;ATXN1L;AXIN1;AXIN2;B3GALT6;B4GALNT2;BAMBI;BCAN;BCL2;BGN;BHLHE40;BMP2;BMP4;BMP5;BMP6;BMP7;BMP8A;BMP8B;BMPR1A;BMPR1B;BMPR2;BNIP3L;BOC;BRS3;BTG1;BTRC;CA12;CACYBP;CAMK2A;CAMK2B;CAMK2D;CAMK2G;CASP6;CAV1;CAVIN1;CAVIN3;CBY1;CCAR2;CCDC88C;CCN1;CCN2;CCN4;CCN5;CCND1;CCND2;CCND3;CCNG2;CDKN1A;CDKN1B;CDKN1C;CDKN2B;CDON;CER1;CHD8;CHRD;CHST2;CHST3;CIRSR;CITED2;COL5A1;COPS7A;CP;CREBBP;CSNK1A1;CSNK1A1L;CSNK1D;CSNK1E;CSNK1G1;CSNK1G2;CSNK1G3;CSNK2A1;CSNK2A2;CSNK2A3;CSNK2B;CSRP2;CTBP1;CTBP2;CTNNB1;CTNNBIP1;CTNND2;CUL1;CUL2;CUL3;CXCR4;CXXC4;CYBB;DAAM1;DAAM2;DCN;DDIT3;DDIT4;DHH;DISP1;DKK1;DKK2;DKK4;DLL1;DLL3;DLL4;DPYSL4;DTNA;DTX1;DTX2;DTX3;DTX3L;DTX4;DUSP1;DVL1;DVL2;DVL3;E2F4;E2F5;EDN1;EDN2;EFCAB7;EFNA1;EFNA3;EGF;EGFR;EGLN1;EGLN2;EGLN3;EIF4E;EIF4E1B;EIF4E2;EIF4EBP1;ELOB;ELOC;EMP3;ENO1;ENO2;ENO3;EP300;EPAS1;EPO;ERBB2;ERO1A;ERRFI1;ETS1;EVC;EVC2;EXT1;F3;FBN1;FBP1;FBXW11;FLT1;FMOD;FOS;FOSL1;FOSL2;FOXO3;FRAT1;FRAT2;FRZB;FST;FZD1;FZD10;FZD2;FZD3;FZD4;FZD5;FZD6;FZD7;FZD8;FZD9;GAA;GALK1;GAPDH;GAPDHS;GAS1;GBE1;GCK;GCNT2;GDF5;GDF6;GDF7;GFPT2;GLI1;GLI2;GLI3;GLRX;GPC1;GPC3;GPC4;GPI;GPR161;GREM1;GREM2;GRHPR;GRK2;GRK3;GSK3B;GYS1;HAMP;HAS1;HDAC1;HDAC2;HDLBP;HES1;HES5;HEXA;HEY1;HEY2;HEYL;HFE;HHAT;HHATL;HHIP;HIF1A;HJV;HK1;HK2;HK3;HKDC1;HMOX1;HOXB9;HS3ST1;HSPA5;ID1;ID2;ID3;ID4;IDS;IER3;IFNG;IFNGR1;IFNGR2;IGF1;IGF1R;IGFBP1;IGFBP3;IGSF1;IHH;IL6;IL6R;ILVBL;INHA;INHBA;INHBB;INHBC;INHBE;INS;INSR;INVS;IQCE;IRS2;ISG20;ITCH;JAG1;JAG2;JMJD6;JUN;KAT2A;KAT2B;KDELR3;KDM3A;KIF3A;KIF5A;KIF7;KLF6;KLF7;KLHL24;LALBA;LARGE1;LDHA;LDHAL6A;LDHAL6B;LDHB;LDHC;LEF1;LEFTY1;LEFTY2;LEMD3;LFNG;LGR4;LGR5;LGR6;LOX;LRP2;LRP5;LRP6;LRRC32;LTBP1;LTBR;LXN;LZTS2;MAFF;MAML1;MAML2;MAML3;MAP2K1;MAP2K2;MAP3K1;MAP3K7;MAPK1;MAPK10;MAPK3;MAPK8;MAPK9;MCC;MEGF8;MFNG;MGRN1;MICOS10-NBL1;MIF;MKNK1;MKNK2;MMP7;MOSMO;MT1E;MT2A;MTOR;MUSK;MXI1;MYC;MYH9;NAGK;NCAN;NCOR1;NCOR2;NCSTN;NDRG1;NDST1;NDST2;NDUFAB1;NEDD4L;NEO1;NFATC1;NFATC2;NFATC3;NFATC4;NFIL3;NFKB1;NKD1;NKD2;NLK;NOCT;NODAL;NOG;NOS2;NOS3;NOTCH1;NOTCH2;NOTCH3;NOTCH4;NOTUM;NPPA;NR3C1;NRARP;NRROS;NUMB;NUMBL;P3R3URF-PIK3R3;P4HA1;P4HA2;PAM;PCK1;PDGFB;PDHA1;PDHA2;PDHB;PDK1;PDK3;PFKFB3;PFKL;PFKM;PFKP;PGAM2;PGF;PGK1;PGK2;PGM1;PGM2;PHKG1;PIK3CA;PIK3CB;PIK3CD;PIK3R1;PIK3R2;PIK3R3;PIM1;PITX2;PKLR;PKP1;PLAC8;PLAUR;PLCB1;PLCB2;PLCB3;PLCB4;PLCG1;PLCG2;PLIN2;PNRC1;PORCN;PPARD;PPARGC1A;PPFIA4;PPP1R15A;PPP1R3C;PPP2CA;PPP2CB;PPP2R1A;PPP2R1B;PPP3CA;PPP3CB;PPP3CC;PPP3R1;PPP3R2;PRDX5;PRICKLE1;PRICKLE2;PRICKLE3;PRICKLE4;PRKACA;PRKACB;PRKACG;PRKCA;PRKCB;PRKCG;PRL;PSEN1;PSEN2;PSENEN;PTCH1;PTCH2;PTCRA;PYGM;RAC1;RAC2;RAC3;RBL1;RBPJ;RBPJL;RBX1;RELA;RFNG;RGMA;RGMB;RHOA;RNF43;ROCK1;ROCK2;ROR1;ROR2;RORA;RPS6;RPS6KB1;RPS6KB2;RRAGD;RSPO1;RSPO2;RSPO3;RSPO4;RUVBL1;RYK;S100A4;SAP30;SCARB1;SCUBE2;SDC2;SDC3;SDC4;SELENBP1;SENP2;SERPINE1;SERPINF1;SFRP1;SFRP2;SFRP4;SFRP5;SH3YL1;SHH;SIAH1;SIAH2;SIN3A;SIRT1;SKI;SKIL;SKP1;SLC25A1;SLC2A1;SLC2A3;SLC2A5;SLC37A4;SMAD1;SMAD2;SMAD3;SMAD4;SMAD5;SMAD6;SMAD7;SMAD9;SMO;SMURF1;SMURF2;SNW1;SOST;SOX17;SP1;SPEN;SPOP;SPOPL;SRPX;STAT3;STBD1;STC1;STC2;SUFU;SULT2B1;TBL1X;TBL1XR1;TBL1Y;TCF7;TCF7L1;TCF7L2;TEK;TES;TF;TFDP1;TFR2;TFRC;TGFB1;TGFB2;TGFB3;TGFBI;TGFBR1;TGFBR2;TGIF1;TGIF2;TGM2;THBS1;THSD4;TIMP1;TIPARP;TKTL1;TLE1;TLE2;TLE3;TLE4;TLE6;TLE7;TLR4;TMEM45A;TMEM53;TNF;TNFAIP3;TP53;TPBG;TPD52;TPI1;TPST2;TPTEP2-CSNK1E;UGP2;VANGL1;VANGL2;VCP;VEGFA;VHL;VLDLR;WIF1;WNT1;WNT10A;WNT10B;WNT11;WNT16;WNT2;WNT2B;WNT3;WNT3A;WNT4;WNT5A;WNT5B;WNT6;WNT7A;WNT7B;WNT8A;WNT8B;WNT9A;WNT9B;WSB1;XPNPEP1;ZFP36;ZFYVE16;ZFYVE9;ZNF292;ZNRF3
EMT,EMT Maintenance,776,18,ABI3;ACTB;ACTG1;ACTN1;ACTN4;AKT1;AKT2;AKT3;ANGPT1;ANGPT2;ANGPT4;AOX1;ARAF;AREG;ARHGEF6;ARRB1;ARRB2;ARTN;ATF2;ATF4;ATF6B;ATM;ATP1A2;ATP1A3;ATP1B1;BAD;BCL10;BCL2;BCL2A1;BCL2L1;BCL2L11;BDNF;BIRC2;BIRC3;BLNK;BRAF;BRCA1;BTK;C3;C8orf44-SGK3;CACNA1A;CACNA1B;CACNA1C;CACNA1D;CACNA1E;CACNA1F;CACNA1G;CACNA1H;CACNA1I;CACNA1S;CACNA2D1;CACNA2D2;CACNA2D3;CACNA2D4;CACNB1;CACNB2;CACNB3;CACNB4;CACNG1;CACNG2;CACNG3;CACNG4;CACNG5;CACNG6;CACNG7;CACNG8;CARD10;CARD11;CARD14;CASP3;CASP9;CCL13;CCL19;CCL21;CCL4;CCL4L1;CCND1;CCND2;CCND3;CCNE1;CCNE2;CD14;CD19;CD40;CD40LG;CDC25B;CDC37;CDC42;CDH1;CDK2;CDK4;CDK6;CDKN1A;CDKN1B;CFLAR;CHAD;CHRM1;CHRM2;CHUK;CISH;CLCF1;CNTF;CNTFR;COL1A1;COL1A2;COL2A1;COL4A1;COL4A2;COL4A3;COL4A4;COL4A5;COL4A6;COL6A1;COL6A2;COL6A3;COL6A5;COL6A6;COL9A1;COL9A2;COL9A3;COMP;CREB1;CREB3;CREB3L1;CREB3L2;CREB3L3;CREB3L4;CREB5;CREBBP;CRK;CRKL;CRLF2;CRTC2;CSF1;CSF1R;CSF2;CSF2RA;CSF2RB;CSF3;CSF3R;CSH1;CSH2;CSHL1;CSNK2A1;CSNK2A2;CSNK2A3;CSNK2B;CTF1;CTNNB1;CXCL1;CXCL12;CXCL2;CXCL3;CXCL8;CYLD;DAXX;DDIT3;DDIT4;DMP1;DSPP;DUSP1;DUSP10;DUSP16;DUSP2;DUSP3;DUSP4;DUSP5;DUSP6;DUSP7;DUSP8;DUSP9;ECSIT;EDA;EDA2R;EDAR;EDARADD;EFNA1;EFNA2;EFNA3;EFNA4;EFNA4-EFNA3;EFNA5;EGF;EGFR;EIF4B;EIF4E;EIF4E1B;EIF4E2;EIF4EBP1;ELK1;ELK4;EP300;EPHA2;EPO;EPOR;ERBB2;ERBB3;ERBB4;ERC1;EREG;F2R;FAS;FASLG;FBN1;FERMT1;FERMT2;FERMT3;FGA;FGB;FGF1;FGF10;FGF16;FGF17;FGF18;FGF19;FGF2;FGF20;FGF21;FGF22;FGF23;FGF3;FGF4;FGF5;FGF6;FGF7;FGF8;FGF9;FGFR1;FGFR2;FGFR3;FGFR4;FGG;FHL1;FLNA;FLNB;FLT1;FLT3;FLT3LG;FLT4;FN1;FOS;FOXO3;FRAS1;FREM1;FREM2;G6PC1;G6PC2;G6PC3;GADD45A;GADD45B;GADD45G;GDNF;GFAP;GH1;GH2;GHITM;GHR;GNA12;GNB1;GNB2;GNB3;GNB4;GNB5;GNG10;GNG11;GNG12;GNG13;GNG2;GNG3;GNG4;GNG5;GNG7;GNG8;GNGT1;GNGT2;GRB2;GRM2;GSK3B;GYS1;GYS2;HGF;HMGA2;HRAS;HSP90AA1;HSP90AB1;HSP90B1;HSPA1A;HSPA1B;HSPA1L;HSPA6;HSPA8;HSPB1;IBSP;ICAM1;ICAM2;ICAM3;ICAM4;IFNA1;IFNA10;IFNA13;IFNA14;IFNA16;IFNA17;IFNA2;IFNA21;IFNA4;IFNA5;IFNA6;IFNA7;IFNA8;IFNAR1;IFNAR2;IFNB1;IFNE;IFNG;IFNGR1;IFNGR2;IFNK;IFNL1;IFNL2;IFNL3;IFNLR1;IFNW1;IGF1;IGF1R;IGF2;IKBKB;IKBKG;IL10;IL10RA;IL10RB;IL11;IL11RA;IL12A;IL12B;IL12RB1;IL12RB2;IL13;IL13RA1;IL13RA2;IL15;IL15RA;IL19;IL1A;IL1B;IL1R1;IL1RAP;IL2;IL20;IL20RA;IL20RB;IL21;IL21R;IL22;IL22RA1;IL22RA2;IL23A;IL23R;IL24;IL26;IL27;IL27RA;IL2RA;IL2RB;IL2RG;IL3;IL31;IL31RA;IL3RA;IL4;IL4R;IL5;IL5RA;IL6;IL6R;IL6ST;IL7;IL7R;IL9;IL9R;ILK;INS;INSR;IRAK1;IRAK4;IRF9;IRS1;ITGA1;ITGA10;ITGA11;ITGA2;ITGA2B;ITGA3;ITGA4;ITGA5;ITGA6;ITGA7;ITGA8;ITGA9;ITGAD;ITGAE;ITGAL;ITGAM;ITGAV;ITGAX;ITGB1;ITGB2;ITGB3;ITGB4;ITGB5;ITGB6;ITGB7;ITGB8;JAK1;JAK2;JAK3;JMJD7-PLA2G4B;JUN;JUND;KDR;KIT;KITLG;KRAS;LAMA1;LAMA2;LAMA3;LAMA4;LAMA5;LAMB1;LAMB2;LAMB3;LAMB4;LAMC1;LAMC2;LAMC3;LAMTOR3;LAT;LBP;LCK;LEP;LEPR;LIF;LIFR;LIMS1;LIMS2;LOC102723407;LPAR1;LPAR2;LPAR3;LPAR4;LPAR5;LPAR6;LTA;LTB;LTBR;LY96;LYN;MADCAM1;MAGI1;MAGI2;MALT1;MAP2K1;MAP2K2;MAP2K3;MAP2K4;MAP2K5;MAP2K6;MAP2K7;MAP3K1;MAP3K10;MAP3K11;MAP3K12;MAP3K13;MAP3K14;MAP3K2;MAP3K20;MAP3K21;MAP3K3;MAP3K4;MAP3K5;MAP3K6;MAP3K7;MAP3K8;MAP3K9;MAP4K1;MAP4K2;MAP4K3;MAP4K4;MAPK1;MAPK10;MAPK11;MAPK12;MAPK13;MAPK14;MAPK3;MAPK7;MAPK8;MAPK8IP1;MAPK8IP2;MAPK8IP3;MAPK9;MAPKAPK2;MAPKAPK3;MAPKAPK5;MAPT;MAX;MCL1;MDM2;MECOM;MEF2C;MET;MKNK1;MKNK2;MLST8;MPL;MRAS;MTCP1;MTOR;MYB;MYC;MYD88;NCK2;NF1;NFATC1;NFATC3;NFKB1;NFKB2;NFKBIA;NGF;NGFR;NLK;NNMT;NOS3;NPNT;NR4A1;NRAS;NRTN;NTF3;NTF4;NTRK1;NTRK2;OSM;OSMR;P3R3URF-PIK3R3;PAK1;PAK2;PALB2;PARP1;PARVA;PARVB;PARVG;PCK1;PCK2;PDCD10;PDGFA;PDGFB;PDGFC;PDGFD;PDGFRA;PDGFRB;PDPK1;PGF;PHLPP1;PHLPP2;PIAS1;PIAS2;PIAS3;PIAS4;PIDD1;PIK3AP1;PIK3CA;PIK3CB;PIK3CD;PIK3CG;PIK3R1;PIK3R2;PIK3R3;PIK3R5;PIK3R6;PIM1;PKN1;PKN2;PKN3;PLA2G4A;PLA2G4B;PLA2G4C;PLA2G4D;PLA2G4E;PLA2G4F;PLAU;PLCG1;PLCG2;PPM1A;PPM1B;PPP1R13L;PPP2CA;PPP2CB;PPP2R1A;PPP2R1B;PPP2R2A;PPP2R2B;PPP2R2C;PPP2R2D;PPP2R3A;PPP2R3B;PPP2R3C;PPP2R5A;PPP2R5B;PPP2R5C;PPP2R5D;PPP2R5E;PPP3CA;PPP3CB;PPP3CC;PPP3R1;PPP3R2;PPP5C;PRKAA1;PRKAA2;PRKACA;PRKACB;PRKACG;PRKCA;PRKCB;PRKCG;PRKCQ;PRL;PRLR;PSPN;PTEN;PTGS2;PTK2;PTPN11;PTPN2;PTPN5;PTPN6;PTPN7;PTPRR;PXN;RAC1;RAC2;RAC3;RAF1;RAP1A;RAP1B;RAPGEF2;RASA1;RASA2;RASGRF1;RASGRF2;RASGRP1;RASGRP2;RASGRP3;RASGRP4;RBL2;RELA;RELB;RELN;RET;RHEB;RIGI;RIPK1;RPS6;RPS6KA1;RPS6KA2;RPS6KA3;RPS6KA4;RPS6KA5;RPS6KA6;RPS6KB1;RPS6KB2;RPTOR;RRAS;RRAS2;RXRA;SGK1;SGK2;SOCS1;SOCS2;SOCS3;SOCS4;SOCS5;SOCS6;SOCS7;SOS1;SOS2;SPP1;SRC;SRF;STAM;STAM2;STAT1;STAT2;STAT3;STAT4;STAT5A;STAT5B;STAT6;STK11;STK24;STK25;STK26;STK3;STK4;STMN1;SYK;TAB1;TAB2;TAB3;TAOK1;TAOK2;TAOK3;TCL1A;TCL1B;TEK;TGFA;TGFB1;TGFB2;TGFB3;TGFBR1;TGFBR2;THBS1;THBS2;THBS3;THBS4;THEM4;THPO;TICAM1;TICAM2;TIRAP;TLN1;TLN2;TLR2;TLR4;TNC;TNF;TNFAIP3;TNFRSF11A;TNFRSF13C;TNFRSF1A;TNFSF11;TNFSF13B;TNFSF14;TNN;TNR;TNXB;TP53;TRADD;TRAF1;TRAF2;TRAF3;TRAF5;TRAF6;TRIM25;TSC1;TSC2;TSLP;TYK2;UBE2I;VCAM1;VCL;VCP;VEGFA;VEGFB;VEGFC;VEGFD;VTN;VWF;XIAP;YWHAB;YWHAE;YWHAG;YWHAH;YWHAQ;YWHAZ;ZAP70
EMT,Epithelial Markers,174,4,ABCC3;ABHD11;ACTB;ACVR2A;ADGRG1;AGR2;AKR1B10;AP1M2;ARHGAP32;ARHGAP8;ARRB1;ATP2C2;AZGP1;BCAS1;BIK;BSPRY;C4orf19;CBLC;CD24;CD2AP;CDH1;CDS1;CEACAM1;CEACAM5;CEACAM6;CEACAM7;CEP170;CKMT1A;CLDN3;CLDN4;CLDN7;CORO2A;CSF3;CXADR;CYB561;CYBB;DCN;DDR1;DHCR24;DSG2;DSP;DSPP;EGFR;EHF;ELF3;ELMO3;EPB41L4B;EPCAM;EPN3;EPS8L1;EPS8L2;ERBB2;ERBB3;ESRP1;ESRP2;EXPH5;EZR;F11R;FA2H;FAM174B;FAS;FGFR3;FLNA;FUT2;FUT3;FXYD3;GALE;GALNT3;GALNT7;GDF15;GMDS;GPRC5A;GRHL2;GRM2;HDHD3;HSP90AA1;HSPA5;IL20RA;INAVA;IRF6;JUP;KRT18;KRT19;KRT7;KRT8;LAD1;LLGL2;LRP6;LRRC1;LSR;LUM;MANSC1;MAP7;MAPK1;MAPK13;MDM2;MISP;MLPH;MPZL2;MST1R;MUC1;MYO5C;MYO6;NQO1;NT5E;OCLN;OVOL2;PALB2;PERP;PHLDA2;PKP1;PKP3;PLLP;PLPP2;PLS1;POF1B;PPL;PPP2R2C;PRR15L;PRSS8;PSCA;PTK6;PTPRF;RAB11FIP1;RAB25;RBM47;RGMA;RHOA;RNF128;RSPO4;RXRA;S100A14;S100P;SCNN1A;SDC4;SH3YL1;SLC22A18;SLC35A3;SLC35B4;SLC44A4;SORD;SOS1;SPAG1;SPDEF;SPINT1;SPINT2;ST14;STAP2;STK26;STYK1;SYNGR2;TAB1;TACSTD2;TFF1;TFF3;THBS1;TJP2;TJP3;TMEM30B;TMPRSS2;TMPRSS4;TOB1;TOM1L1;TOX3;TPD52;TRPM4;TSPAN1;TSPAN8;TUFT1;VAMP8;VAV3;YWHAB;YWHAE;YWHAZ
EMT,Mesenchymal Markers,348,8,ABI3;ABI3BP;ACTA2;ADAM12;AKAP12;AKT3;ANGPTL2;ANK2;ANPEP;ANXA2;AP1S2;APLP1;AREG;ARRB1;ASPN;AXL;BASP1;BDNF;BGN;BICC1;BMP1;BNC2;C1R;C1S;CADM1;CALD1;CALU;CAP2;CAPG;CAV1;CAVIN1;CCL2;CCL8;CCN1;CCN2;CD163;CD44;CD59;CDH11;CDH2;CDH6;CDK14;CEACAM5;CEP170;CHN1;CHRDL1;CLEC2B;CLIC4;COL11A1;COL12A1;COL14A1;COL15A1;COL16A1;COL1A1;COL1A2;COL3A1;COL4A1;COL4A2;COL5A1;COL5A2;COL5A3;COL6A1;COL6A2;COL6A3;COL7A1;COL8A2;COLEC12;COLGALT1;COMP;COPA;CRISPLD2;CRLF1;CRYAB;CSF2RB;CSRP2;CTHRC1;CTNNB1;CTSK;CXCL1;CXCL12;CXCL13;CXCL6;CXCL8;CXCR4;CYP1B1;DAB2;DCN;DDR2;DKK1;DPT;DPYSL3;DSE;DST;DTNA;ECM1;ECM2;EDIL3;EFEMP1;EFEMP2;EGFR;ELN;EMP3;ENO2;ENPP2;EVI2A;F13A1;FAP;FAS;FBLN1;FBLN2;FBLN5;FBN1;FBN2;FERMT2;FGF2;FGL2;FHL1;FLI1;FLNA;FLRT2;FMOD;FN1;FOXC2;FSTL1;FSTL3;FUCA1;FXYD5;FXYD6;FYN;FZD8;GADD45A;GADD45B;GAPDH;GAS1;GEM;GFAP;GFPT2;GIMAP4;GIMAP6;GJA1;GLIPR1;GLYR1;GNG11;GPC1;GPM6B;GPX7;GREM1;GUCY1B1;GZMK;HEG1;HMGA2;HTRA1;ICAM1;ID2;IFFO1;IGF1;IGF1R;IGFBP2;IGFBP3;IGFBP4;IGFBP5;IL10RA;IL15;IL32;IL6;INHBA;ISLR;ITGA2;ITGA5;ITGAV;ITGB1;ITGB3;ITGB5;JAM2;JAM3;JCAD;JUN;KCNJ8;LAMA1;LAMA2;LAMA3;LAMC1;LAMC2;LGALS1;LHFPL6;LOX;LOXL1;LOXL2;LRP1;LRRC15;LUM;LY96;MAF;MAFB;MAGEE1;MAP1B;MAPK1;MATN2;MATN3;MCM7;MEOX2;MEST;MFAP4;MFAP5;MGP;MMP1;MMP14;MMP2;MMP3;MOXD1;MPDZ;MRC1;MS4A4A;MS4A6A;MSX1;MUSK;MXRA5;MYH10;MYL9;MYLK;NAP1L3;NID2;NNMT;NOTCH2;NR3C1;NT5E;NTM;NUAK1;OLFML2B;OLFML3;OXTR;P3H1;PCOLCE;PCOLCE2;PDGFC;PDGFRB;PDLIM4;PDZRN3;PFN2;PLAUR;PLEKHO1;PLN;PLOD1;PLOD2;PLOD3;PLXNC1;PMEPA1;PMP22;POSTN;PPIB;PRRX1;PRSS2;PTGDS;PTGIS;PTHLH;PTPRC;PTX3;PVR;QKI;QSOX1;RARRES2;RECK;RGS2;RGS4;RHOA;RHOB;RPS6;RUNX1T1;SACS;SAMSN1;SAT1;SCG2;SDC1;SDC2;SDC4;SEPTIN6;SERPINE1;SERPINE2;SERPINF1;SERPING1;SERPINH1;SFRP1;SFRP4;SGCB;SGCD;SGCG;SLC2A3;SLC6A8;SLIT2;SLIT3;SMAD2;SNAI1;SNAI2;SNTB1;SPARC;SPARCL1;SPOCK1;SPP1;SRGN;SRPX;STAT3;STON1;SYNE1;SYNE3;SYNM;SYT11;TAGLN;TCF4;TFPI2;TGFB1;TGFBI;TGFBR3;TGM2;THBS1;THBS2;THY1;TIMP1;TIMP3;TNC;TNFAIP3;TNFRSF11B;TNFRSF12A;TNS1;TP53;TPM1;TPM2;TPM4;TRPC1;TUBA1A;TUBB6;TWIST1;TWIST2;UCHL1;VCAM1;VCAN;VEGFA;VEGFC;VIM;VSIG4;WIPF1;WNT5A;WWTR1;YWHAB;YWHAE;ZCCHC24;ZEB1;ZEB2;ZFPM2
Fibrosis,Cell-Matrix Adhesion,266,8,ACER2;ACTB;ACTG1;ACTN1;ACTN4;ADA;ADAM17;ADAM9;AGRN;AKT1;AKT2;AKT3;AR;ARHGEF6;C3;CAPZA1;CAPZB;CCL21;CCL5;CCN3;CCND1;CCND2;CCND3;CD36;CD3E;CD44;CD47;CDC42;CDH1;CDH17;CHAD;CHN1;CIB1;CLEC5A;COL16A1;COL1A1;COL1A2;COL2A1;COL4A1;COL4A2;COL4A3;COL4A4;COL4A5;COL4A6;COL5A1;COL6A1;COL6A2;COL6A3;COL6A5;COL6A6;COL9A1;COL9A2;COL9A3;COLEC12;COMP;CRK;CRKL;CRLF2;CTNNB1;CX3CL1;CXCL12;CXCL13;CYP1B1;DAG1;DDR2;DMP1;DPP4;DSPP;EFNA1;EGF;EGFR;EMILIN1;EMILIN2;EPHA2;EPHA8;ERBB2;EXT1;FARP2;FBLIM1;FBN1;FERMT1;FERMT2;FERMT3;FGA;FGB;FGG;FLNA;FLNB;FLT1;FLT4;FN1;FOXC2;FRAS1;FREM1;FREM2;FYB2;GALNT15;GP1BA;GP1BB;GP5;GP6;GP9;GSK3B;GUCA1A;GUCY2F;HGF;HMMR;HRG;HSPG2;IBSP;ICAM1;ICAM2;ICAM3;ICAM4;IFT74;IGF1;IGF1R;ILK;ITGA1;ITGA10;ITGA11;ITGA2;ITGA2B;ITGA3;ITGA4;ITGA5;ITGA6;ITGA7;ITGA8;ITGA9;ITGAD;ITGAE;ITGAL;ITGAM;ITGAV;ITGAX;ITGB1;ITGB1BP1;ITGB2;ITGB3;ITGB4;ITGB5;ITGB6;ITGB7;ITGB8;ITGBL1;JAM3;KDR;KIF14;KIF3A;KRIT1;LAMA1;LAMA2;LAMA3;LAMA4;LAMA5;LAMB1;LAMB2;LAMB3;LAMB4;LAMC1;LAMC2;LAMC3;LEMD3;LIF;LIMS1;LIMS2;LPXN;LRP12;LYN;MADCAM1;MEDAG;MEPE;MET;MMRN1;MRC2;MTOR;MUC1;MZB1;NCK2;NCKAP1L;NEXMIF;NOX1;NPNT;NTNG2;P2RY12;P3R3URF-PIK3R3;PARVA;PARVB;PARVG;PDE3B;PDGFA;PDGFB;PDGFC;PDGFD;PDGFRA;PDGFRB;PGF;PIEZO1;PIK3CA;PIK3CB;PIK3CD;PIK3CG;PIK3R1;PIK3R2;PIK3R3;PLAU;PLEK;PLPP3;PODXL;PTGER4;PTK2;PTPN11;PTPN6;PXN;RAC1;RAC2;RAC3;RAP1B;RASIP1;RELN;RET;RFLNA;SCARF2;SDC1;SDC4;SELP;SERPINE1;SFRP2;SGCD;SKAP1;SNAI2;SPP1;SRC;ST6GALNAC5;SV2A;SV2B;SV2C;SWAP70;SYK;TESC;TGFB1;TGFB2;THBS1;THBS2;THBS3;THBS4;TLN1;TLN2;TMEFF2;TMEM119;TMOD3;TNC;TNN;TNR;TNXB;UNC119;VCAM1;VCL;VEGFA;VEGFB;VEGFC;VEGFD;VTN;VWF;WNK1
Fibrosis,ECM Remodelling,391,7,ADAM10;ADAM15;ADAM19;ADAM8;ADAMTS12;ADAMTS14;ADAMTS15;ADAMTS16;ADAMTS2;ADAMTS3;ADAMTS4;ADAMTS5;ADAMTS6;ADAMTS7;AEBP1;AGRN;AGT;AMELX;ANTXR1;ANTXR2;ANXA2;AR;ASPN;ATP7A;BMP1;BMP4;BRS3;C6orf89;CAPG;CAPZA1;CARMIL2;CBX8;CCDC80;CD36;CD44;CD47;CHAD;CHADL;CIITA;CILP2;CLASP1;CLASP2;CLN3;CMA1;COL11A1;COL11A2;COL12A1;COL14A1;COL15A1;COL16A1;COL1A1;COL1A2;COL24A1;COL2A1;COL3A1;COL4A1;COL4A2;COL4A3;COL4A4;COL4A5;COL4A6;COL5A1;COL5A2;COL5A3;COL6A1;COL6A2;COL6A3;COL6A5;COL6A6;COL8A1;COL8A2;COL9A1;COL9A2;COL9A3;COLGALT1;COLGALT2;COMP;CORIN;CPXM1;CREB3L1;CRISPLD2;CRTAP;CSGALNACT2;CST3;CTNND2;CTSB;CTSG;CTSK;CTSL;CTSS;CTSV;CYGB;CYP1B1;CYP7A1;DAG1;DCN;DDR1;DDR2;DHX9;DMP1;DPP4;DPT;DSPP;ECM2;EFEMP2;EGFR;ELANE;ELN;EMILIN1;ENG;EPYC;ERO1A;ERRFI1;ESR1;EXOC8;EXT1;F2;F2R;FAP;FBLN2;FBLN5;FBN1;FGFR4;FIBIN;FKBP10;FLOT1;FMOD;FN1;FNDC1;FOSL2;FOXC1;FOXC2;FRAS1;FREM1;FREM2;FSCN1;FURIN;GART;GAS6;GLT8D2;GOT1;GP1BA;GP1BB;GP5;GP6;GP9;GPC6;GPM6B;GRB2;GREM1;GSK3B;GSN;HAPLN2;HAS1;HAS2;HAS3;HIF1A;HMCN1;HMGA2;HMMR;HPN;HSPG2;HTRA1;HTRA3;IBSP;ID1;IHH;IL6;IL6R;INHBA;ISLR;ITGA1;ITGA10;ITGA11;ITGA2;ITGA2B;ITGA3;ITGA4;ITGA5;ITGA6;ITGA7;ITGA8;ITGA9;ITGAM;ITGAV;ITGB1;ITGB3;ITGB4;ITGB5;ITGB6;ITGB7;ITGB8;JAK2;KERA;KIF9;KLK4;KLK5;KLK6;KLK7;LAMA1;LAMA2;LAMA3;LAMA4;LAMA5;LAMB1;LAMB2;LAMB3;LAMB4;LAMC1;LAMC2;LAMC3;LARP6;LCP1;LEP;LOX;LOXL1;LOXL2;LOXL3;LOXL4;LRP1;LTBP2;LTBP4;LUM;MATN3;MEIS3;MELTF;MEPE;MFAP2;MFAP4;MFAP5;MIR145;MIR195;MIR19A;MIR19B1;MIR205;MIR21;MIR29A;MIR29B1;MIR29C;MIR9-1;MIR98;MMP1;MMP10;MMP11;MMP12;MMP13;MMP14;MMP15;MMP16;MMP17;MMP19;MMP2;MMP20;MMP21;MMP23B;MMP24;MMP25;MMP26;MMP27;MMP28;MMP3;MMP7;MMP8;MMP9;MMRN1;MRC2;MXRA8;MYB;MYH11;NAGLU;NF1;NFKB1;NID2;NOTCH1;NOX1;NOXO1;NPNT;NPPC;NTN4;OLFML1;OLFML2B;OMD;OPTC;OSCAR;P2RX7;P3H1;P3H2;P3H3;P3H4;P4HA1;P4HA3;PBX4;PBXIP1;PCOLCE;PDGFRA;PDPN;PEPD;PLAU;PLG;PLOD1;PLOD2;PLOD3;PODN;PODNL1;PPARD;PPARG;PRDX1;PRDX5;PRICKLE1;PRSS1;PRSS2;PRTN3;PXDN;QSOX1;RAC2;RAMP2;RAP1A;RB1;RCN3;RECK;RELN;RETREG1;RETREG2;RETREG3;RGCC;RUNX1;SCX;SDC1;SDC4;SELENON;SERPINB7;SERPINF2;SERPINH1;SFRP2;SH3PXD2B;SMAD3;SMAD4;SMPD3;SOX9;SPARC;SPOCK1;SPP1;SRC;STAT3;SUCO;SV2A;SV2B;SV2C;SYK;TGFB1;TGFB2;TGFB3;TGFBR1;TGFBR3;THBS1;THBS2;THBS3;THBS4;THSD4;TIE1;TIMP2;TIMP3;TLL1;TLL2;TMEFF2;TMEM131;TMPRSS6;TNC;TNFAIP6;TNN;TNR;TNS2;TNXB;TPSAB1;TRAM2;TRAPPC8;TSPAN9;UBASH3B;UCN;VCAN;VGLL3;VIM;VIPAS39;VPS33B;VSIR;VTN;VWF;WASHC1;WNT4;ZEB2;ZNF469
Fibrosis,Fibroblast Signature,220,4,ABCC9;ABL1;ACTA2;AEBP1;AFF1;AGT;AKAP12;AKT1;ALDH1L2;ANTXR1;APPL1;APPL2;AQP1;ARHGAP4;ARHGEF7;ARID5B;B4GALT7;BAG4;BAX;BMI1;BRAF;BRK1;BRS3;BTC;C1QL4;C6orf89;CALD1;CAV1;CCN3;CCNA2;CCNB1;CD248;CD300A;CD74;CDC6;CDC73;CDH11;CDK1;CDK4;CDK6;CDKN1A;CKS2;CLN3;COL3A1;CORO1C;CPZ;CREB1;CRKL;CTC1;CTNNB1;CYGB;DAB2IP;DACH1;DAZAP1;DDR1;DDR2;DHX9;DMTN;DPH1;E2F1;E2F8;ECD;EEF2;EGFR;EMD;EPOR;EREG;ESR1;FAP;FBLN1;FBXO4;FER;FGF10;FGF2;FILIP1L;FN1;FOSL2;FTH1;FUT8;GART;GAS6;GCLC;GCLM;GGT5;GNA12;GNA13;GNG2;GSTP1;GUF1;HAS1;HDAC1;HMGA2;HRAS;HTN3;HYAL2;IFI30;IFNA7;IGF1;IL13;IL17A;IL17RA;IL1B;ILK;INCA1;ING5;IQGAP1;ITGB1;ITGB1BP1;ITGB3;JUN;KAT2A;KCND2;KCNJ8;KDM8;KMT2A;LAMTOR2;LEP;LIF;LIG4;LMCD1;LTA;LZTS1;LZTS2;MACIR;MAPK1;MDM2;MED25;MED31;MICAL2;MIF;MIR145;MIR17;MIR19A;MIR19B1;MORC3;MORF4L1;MSC;MTA2;MTOR;MUC1;MXRA8;MYB;MYC;NF1;NGFR;NHERF1;NLRC3;NNMT;NUAK1;NUPR1;PAK1;PALLD;PARP10;PAWR;PDGFA;PDGFB;PDGFC;PDGFD;PDGFRA;PDLIM1;PDPN;PEX2;PIP5K1A;PLA2G1B;PLEC;PLXDC1;PML;PRDX1;PRKCE;PRR5L;PTK2;PXDN;RAB31;RAC1;RCC2;RFFL;RGCC;RGS4;RNASEH2B;RPS6;RPS6KA1;RRN3;RUVBL1;S100A6;SDC4;SFRP1;SGPL1;SIRT6;SKI;SMAD2;SOD2;SOX11;SPDEF;SPHK1;TAGLN;TGFB1;TGIF1;THBS1;THY1;TIPARP;TMEM201;TNS1;TP53;TP53INP1;TRIM32;TTK;ULK3;VCL;VEGFD;VIM;WDPCP;WNT1;WNT2;WNT5A;WNT7B;XIRP1;ZEB2;ZFAND5;ZMIZ1;ZMPSTE24
Fibrosis,Pro-Fibrotic Signalling,790,16,ABL1;ACVR1;ACVR1B;ACVR1C;ACVR2A;ACVR2B;ADAM17;ADIPOQ;AKT1;AKT2;AKT3;ALDOA;ALDOB;ALDOC;AMH;AMHR2;ANGPT1;ANGPT2;ANGPT4;ANGPTL2;AOX1;APC;APC2;APCDD1;APH1A;APH1B;APLN;APOD;ARID5B;ARNT;ARRB1;ARRB2;ARSI;ATXN1;ATXN1L;AXIN1;AXIN2;AXL;BAMBI;BCAR1;BCAT1;BCL2;BCL2L1;BICC1;BMP2;BMP4;BMP5;BMP6;BMP7;BMP8A;BMP8B;BMPR1A;BMPR1B;BMPR2;BNC2;BOC;BRS3;BTRC;C1QTNF6;C1S;CACYBP;CAMK2A;CAMK2B;CAMK2D;CAMK2G;CBL;CBLB;CBY1;CCAR2;CCDC88C;CCL11;CCN2;CCN4;CCND1;CCND2;CCND3;CD28;CDKN1A;CDKN1B;CDKN2B;CDON;CEP57;CER1;CHD8;CHRD;CHURC1;CIRSR;CISH;CLASP2;CLCF1;CLEC11A;CLMP;CMTM3;CNTF;CNTFR;COL1A1;COL4A1;COL4A2;COL4A3;COL4A5;COL4A6;CREB3L1;CREBBP;CRKL;CRLF2;CSF2;CSF2RA;CSF2RB;CSF3;CSF3R;CSH1;CSH2;CSHL1;CSNK1A1;CSNK1A1L;CSNK1D;CSNK1E;CSNK1G1;CSNK1G2;CSNK1G3;CSNK2A1;CSNK2A2;CSNK2A3;CSNK2B;CSPG4;CSRNP1;CTBP1;CTBP2;CTF1;CTHRC1;CTNNB1;CTNNBIP1;CTNND2;CUL1;CUL2;CUL3;CXXC4;CYBB;DAAM1;DAAM2;DACT1;DACT3;DCN;DDR1;DDR2;DHH;DIO2;DISP1;DKK1;DKK2;DKK4;DLL1;DLL3;DLL4;DPYSL3;DSTYK;DTX1;DTX2;DTX3;DTX3L;DTX4;DVL1;DVL2;DVL3;E2F4;E2F5;EDN1;EDNRA;EEF2;EFCAB7;EGF;EGFR;EGLN1;EGLN2;EGLN3;EIF4E;EIF4E1B;EIF4E2;EIF4EBP1;ELOB;ELOC;EMP3;ENO1;ENO2;ENO3;EP300;EPAS1;EPO;EPOR;ERBB2;EVC;EVC2;EXT1;F3;F7;FAM20C;FBN1;FBXW11;FER;FGF1;FGF10;FGF12;FGF14;FGF16;FGF17;FGF18;FGF19;FGF2;FGF20;FGF21;FGF22;FGF23;FGF3;FGF4;FGF5;FGF6;FGF7;FGF8;FGF9;FGFBP1;FGFBP3;FGFR1;FGFR2;FGFR3;FGFR4;FGFRL1;FHL1;FIBP;FLRT1;FLRT2;FLRT3;FLT1;FMOD;FOSL1;FRAT1;FRAT2;FRS2;FRS3;FRZB;FSHR;FST;FSTL1;FUZ;FZD1;FZD10;FZD2;FZD3;FZD4;FZD5;FZD6;FZD7;FZD8;FZD9;GALNT3;GAPDH;GART;GAS1;GATA3;GDF5;GDF6;GDF7;GFAP;GFPT2;GH1;GH2;GHR;GLI1;GLI2;GLI3;GP6;GPC1;GPC4;GPR161;GRB2;GREM1;GREM2;GRK1;GRK2;GRK3;GRP;GSK3B;HAMP;HAPLN2;HDAC1;HDAC2;HES1;HES5;HEY1;HEY2;HEYL;HFE;HGS;HHAT;HHATL;HHIP;HIF1A;HIP1;HIP1R;HJV;HK1;HK2;HK3;HKDC1;HMOX1;HRAS;HTRA1;ID1;ID2;ID3;ID4;IFNA1;IFNA10;IFNA13;IFNA14;IFNA16;IFNA17;IFNA2;IFNA21;IFNA4;IFNA5;IFNA6;IFNA7;IFNA8;IFNAR1;IFNAR2;IFNB1;IFNE;IFNG;IFNGR1;IFNGR2;IFNK;IFNL1;IFNL2;IFNL3;IFNLR1;IFNW1;IFT20;IFT80;IGF1;IGF1R;IGSF1;IHH;IL10;IL10RA;IL10RB;IL11;IL11RA;IL12A;IL12B;IL12RB1;IL12RB2;IL13;IL13RA1;IL13RA2;IL15;IL15RA;IL19;IL1B;IL1R1;IL2;IL20;IL20RA;IL20RB;IL21;IL21R;IL22;IL22RA1;IL22RA2;IL23A;IL23R;IL24;IL26;IL27;IL27RA;IL2RA;IL2RB;IL2RG;IL3;IL31;IL31RA;IL3RA;IL4;IL4R;IL5;IL5RA;IL6;IL6R;IL6ST;IL7;IL7R;IL9;IL9R;INHBA;INHBB;INHBC;INHBE;INS;INSR;INVS;IQCE;IQGAP1;IRF9;ITCH;ITGA11;ITGA2;ITGB1;ITGB3;JAG1;JAG2;JAK1;JAK2;JAK3;JUN;KAT2A;KAT2B;KIF16B;KIF26B;KIF3A;KIF7;KL;KLB;LDHA;LDHAL6A;LDHAL6B;LDHB;LDHC;LEF1;LEFTY1;LEFTY2;LEMD3;LEP;LEPR;LFNG;LGALS1;LGR4;LGR5;LGR6;LIF;LIFR;LOX;LRIG2;LRIT3;LRP1;LRP2;LRP5;LRP6;LRRC32;LTBP1;LTBR;LZTS2;MAGEL2;MAML1;MAML2;MAML3;MAP2K1;MAP2K2;MAP3K7;MAPK1;MAPK10;MAPK3;MAPK8;MAPK9;MCC;MCL1;MEGF8;MFNG;MGRN1;MICOS10-NBL1;MIR1-1;MIR146A;MIR16-1;MIR221;MKNK1;MKNK2;MMP7;MOSMO;MPL;MSRB3;MTOR;MYC;MYO1E;MYOCD;NALCN;NCOR1;NCOR2;NCSTN;NDRG4;NDST1;NEO1;NFATC1;NFATC2;NFATC3;NFATC4;NFKB1;NGFR;NHERF1;NKD1;NKD2;NLK;NNMT;NODAL;NOG;NOS2;NOS3;NOTCH1;NOTCH2;NOTCH3;NOTCH4;NOTUM;NOX4;NPPA;NPTN;NR4A3;NRARP;NRP1;NRROS;NRXN1;NTM;NUMB;NUMBL;OFD1;OSCAR;OSM;OSMR;OTX2;P3R3URF-PIK3R3;PBX2;PDGFA;PDGFB;PDGFC;PDGFD;PDGFRA;PDGFRB;PDGFRL;PDHA1;PDHA2;PDHB;PDK1;PFKFB3;PFKL;PFKM;PFKP;PGK1;PGK2;PHF14;PIAS1;PIAS2;PIAS3;PIAS4;PIK3C2A;PIK3CA;PIK3CB;PIK3CD;PIK3R1;PIK3R2;PIK3R3;PIM1;PITX2;PLAT;PLCB1;PLCB2;PLCB3;PLCB4;PLCG1;PLCG2;PLEKHA1;PMEPA1;PMP22;PORCN;PPARD;PPP2CA;PPP2CB;PPP2R1A;PPP2R1B;PPP3CA;PPP3CB;PPP3CC;PPP3R1;PPP3R2;PRDM14;PRICKLE1;PRICKLE2;PRICKLE3;PRICKLE4;PRKACA;PRKACB;PRKACG;PRKCA;PRKCB;PRKCG;PRKD2;PRL;PRLR;PRRX1;PSEN1;PSEN2;PSENEN;PTCH1;PTCH2;PTCRA;PTGIR;PTPN1;PTPN11;PTPN12;PTPN2;PTPN6;PTPRJ;RAB14;RAC1;RAC2;RAC3;RAF1;RBL1;RBPJ;RBPJL;RBX1;RELA;RFNG;RGMA;RGMB;RGS14;RHOA;RHOD;RNF43;ROCK1;ROCK2;ROR1;ROR2;RPS6;RPS6KB1;RPS6KB2;RSPO1;RSPO2;RSPO3;RSPO4;RUNX2;RUVBL1;RYK;SCUBE2;SENP2;SERPINE1;SERPINF1;SFRP1;SFRP2;SFRP4;SFRP5;SGIP1;SGPL1;SHCBP1;SHH;SHOC2;SIAH1;SIN3A;SIRT1;SKI;SKIL;SKP1;SLC2A1;SMAD1;SMAD2;SMAD3;SMAD4;SMAD5;SMAD6;SMAD7;SMAD9;SMO;SMOC2;SMPD3;SMURF1;SMURF2;SNAI2;SNCA;SNW1;SOCS1;SOCS2;SOCS3;SOCS4;SOCS5;SOCS6;SOCS7;SOS1;SOS2;SOST;SOX17;SP1;SPDEF;SPEN;SPOCD1;SPOP;SPOPL;SPRY1;SPRY2;SPRY3;SPRY4;SRC;STAM;STAM2;STAT1;STAT2;STAT3;STAT4;STAT5A;STAT5B;STAT6;STON1;SUFU;SULF1;SULF2;SYK;TBL1X;TBL1XR1;TBL1Y;TBX2;TCF7;TCF7L1;TCF7L2;TEK;TENM3;TF;TFDP1;TFR2;TFRC;TGFB1;TGFB1I1;TGFB2;TGFB3;TGFBI;TGFBR1;TGFBR2;TGIF1;TGIF2;THBS1;THPO;THSD4;TIMP1;TIPARP;TLE1;TLE2;TLE3;TLE4;TLE6;TLE7;TLR4;TMOD1;TNF;TNFSF4;TP53;TPTEP2-CSNK1E;TRIM71;TSHZ3;TSLP;TSPAN9;TWIST1;TXNIP;TYK2;UBASH3B;VANGL1;VANGL2;VCAN;VEGFA;VHL;WIF1;WNT1;WNT10A;WNT10B;WNT11;WNT16;WNT2;WNT2B;WNT3;WNT3A;WNT4;WNT5A;WNT5B;WNT6;WNT7A;WNT7B;WNT8A;WNT8B;WNT9A;WNT9B;ZDHHC16;ZEB2;ZFAND5;ZFPM2;ZFYVE16;ZFYVE9;ZNF521;ZNRF3
Immunogenicity,Antigen Presentation,209,7,ABL1;ACE2;ACTG1;ADGRB1;AGER;ALCAM;AP3B1;AP3D1;APOE;APP;ARL8B;ARRB1;ARRB2;ATG5;B2M;BECN1;BIN2;BRD4;CALCA;CALR;CANX;CAV1;CD14;CD1A;CD1B;CD1C;CD1D;CD209;CD36;CD4;CD5;CD6;CD74;CD81;CD8A;CD8B2;CDC42;CLEC4M;CLEC7A;CREB1;CTNNB1;CTSB;CTSD;CTSH;CTSL;CTSS;CTSV;CXCL16;CXCL8;CXCR1;CXCR2;DBNL;DMBT1;DNM1L;DNM2;DOCK1;DOCK2;DPP4;E7ENX8_HUMAN;EGFR;ELMO1;EZR;F6UB75_HUMAN;FCER1G;FCGR1A;FCGR2B;FCN1;FCN2;FCN3;FPR2;FYN;GBA;GHR;GRB2;GRK2;GRK3;GRK4;GSN;GULP1;HLA-A;HLA-B;HLA-C;HLA-DMA;HLA-DMB;HLA-DOA;HLA-DOB;HLA-DPA1;HLA-DPB1;HLA-DQA1;HLA-DQA2;HLA-DQB1;HLA-DQB2;HLA-DRA;HLA-DRB1;HLA-DRB5;HLA-E;HLA-F;HLA-G;HRAS;HSP90AA1;HSP90AB1;HSPA5;ICAM1;IDE;IFNG;IGHD;IGHV1-3;IGHV3-11;IGHV3-15;IGHV3-16;IGHV3-43D;IGHV3-72;IGLL1;IGLL5;IKBKB;IL10RA;INPPL1;INSR;ITGA4;ITGAM;ITGAV;ITGB1;ITGB2;JMJD6;JUN;KDR;KIR2DL1;KIR2DL3;KIR3DL1;KIR3DL2;KIR3DL3;KLRC1;KLRC2;KLRC3-2;KLRC4;KLRD1;LDLR;LGALS1;LGMN;LILRB1;LILRB4;LNPEP;LOC102723407;LRP1;LRP8;MAPK1;MAPK3;MAPKAPK2;MAPKAPK3;MARCHF1;MAVS;MFGE8;MR1;MSR1;MYH9;NEDD4;NFKBIA;NFYA;NFYB;NFYC;OLR1;PDIA3;PIK3CB;PIK3CG;PSMA7;PSMB8;PSME1;PSME2;PYCARD;RAB10;RAB14;RAB33A;RAB4A;RAB5A;RAB5B;RAB7A;RAB8B;RABGEF1;RAC1;RAC2;RELB;RHOA;RHOBTB1;RHOBTB2;RHOG;RHOH;RUBCN;SAR1B;SFTPD;SH3BP1;SH3BP2;SNCA;SOCS3;STAT3;STAT5B;SYK;TAP1;TAP2;TAPBP;TAPBPL;TFRC;TGFBR2;THBS1;TNF;TRAF6;TREM2;VAMP2;VAMP7;ZFYVE9
Immunogenicity,Inflammation,164,13,AGER;AHCY;ALCAM;ALOX5;ALOX5AP;ANXA1;ANXA3;APP;ARRB1;BCR;BTK;C1QA;C3;C5AR1;CARD8;CASP1;CASP3;CBL;CCL11;CCL3;CCR6;CD14;CD36;CD44;CD6;CDC42;CLEC4D;CLEC4E;CLEC6A;CLEC7A;CLU;CPLX2;CSF2RA;CX3CL1;CX3CR1;CXCL13;CXCR2;DMBT1;DOCK2;DYSF;EGFR;ELANE;EPHB6;EZR;FCER1G;FCGR1A;FCGR3A;FCN1;FPR2;FYN;GATA3;GNAI2;GNG2;GRB2;GRN;GZMB;HAVCR2;HMGB1;HMGB2;HSP90AA1;IFI35;IFNG;IFNGR1;IFNGR2;IGKV2D-28;IKBKB;IL13;IL17RA;IL1F10;IL1R1;IL1RAP;IL1RL2;IL1RN;IL20RB;IL25;IL2RA;IL33;IL36A;IL36B;IL36G;IL36RN;IL37;IL4;IL4R;IL5RA;INPP5D;IRF7;ITGAM;ITGB2;JAK2;JAM3;JUN;KIT;LAT;LAT2;LBP;LGALS1;LILRA2;LY96;LYN;MAPK1;MAPT;MDK;MRGPRX2;MYD88;NCK2;NEDD4;NLRP6;NMI;NOD1;NOD2;NOTCH1;NOTCH2;OPRM1;PARK7;PF4;PIK3CD;PIK3CG;PIK3R1;PLCG2;PRDX2;PRKCE;PTAFR;PTN;PYCARD;RAB5A;RABGEF1;RAP1A;RASGRP1;RASGRP2;RBPJ;RTN4;S100A13;S100A8;S100A9;SCNN1B;SELE;SFTPD;SLAMF1;SNAP23;SNCA;STXBP2;STXBP3;SYK;TGFB1;THBS1;TICAM1;TLR2;TLR3;TLR4;TLR6;TLR7;TLR8;TLR9;TNF;TNFRSF1A;TRAF3IP2;TRAF6;TREM2;TYROBP;VAMP2;VAMP7;VCAM1;XIAP
Immunogenicity,Innate Immune Activation,334,13,ACTG1;ACTN1;ADAM10;ADAR;AGER;AIM2;AKT1;AKT2;AKT3;ANXA1;ANXA3;APP;ARL8B;AZI2;BCR;BRD4;BTK;C1QA;C3;C5;C5AR1;C7;C8A;C8B;C8G;C9;CALCOCO2;CASP1;CASP3;CASP8;CBL;CCL1;CCL11;CCL13;CCL15;CCL16;CCL17;CCL18;CCL19;CCL2;CCL20;CCL21;CCL22;CCL24;CCL25;CCL26;CCL3;CCL3L1;CCL4;CCL4L2;CCL5;CCL7;CCL8;CD14;CD2;CD244;CD40;CD44;CD74;CD80;CD86;CDC42;CFB;CFD;CFH;CFHR5;CFP;CHUK;CIITA;CITED1;CLDN1;CLU;COLEC10;COLEC11;CORO1A;CORO1C;CPLX2;CR1;CR2;CREB1;CREB3L1;CRTC3;CSF1;CSF2;CSNK2B;CX3CL1;CX3CR1;CXCL10;CXCL11;CXCL16;CXCL8;CXCL9;CYP27B1;DDX58;DNAJA3;DOCK2;DYSF;EIF2AK2;EP300;FADD;FASLG;FCER1G;FCGR3A;FCN1;FCN2;FCN3;FOS;FOXP1;FPR2;GAPDH;GNB1;GRN;GSN;GZMB;HAMP;HAVCR2;HCK;HLA-DPA1;HLA-DQB2;HLA-DRA;HMGB1;HSP90AA1;HYAL2;IFI35;IFITM1;IFNA1;IFNA10;IFNA13;IFNA14;IFNA16;IFNA17;IFNA2;IFNA21;IFNA4;IFNA5;IFNA6;IFNA7;IFNA8;IFNAR1;IFNAR2;IFNB1;IFNG;IFNGR1;IFNGR2;IFNLR1;IFNW1;IGKV2D-28;IGLL5;IKBKB;IKBKE;IKBKG;IL10RB;IL12A;IL12B;IL12RB1;IL13;IL18;IL1B;IL23R;IL33;IL37;IL4;IL6;IRAK1;IRAK4;IRF1;IRF3;IRF5;IRF7;IRF8;ISG15;ITGAM;ITGB2;JAK1;JAK2;JMJD6;JUN;KIR3DL1;KIT;KLRC2;KLRD1;KLRK1;KRT1;KRT8;LAG3;LAT;LAT2;LBP;LCK;LGALS9;LILRA2;LY96;LYN;LYST;MAP2K1;MAP2K2;MAP2K3;MAP2K4;MAP2K6;MAP2K7;MAP3K7;MAP3K8;MAPK1;MAPK11;MAPK12;MAPK13;MAPK14;MAPK3;MAPK8;MAPK9;MAPT;MASP1;MASP2;MAVS;MBL2;MEFV;MICA;MRGPRX2;MX1;MYD88;MYH9;NCOR2;NEDD4;NFKB1;NFKBIA;NFKBIB;NMI;NOS2;NPY;NR4A3;NUB1;OAS1;OAS2;PARD3;PIK3CA;PIK3CB;PIK3CD;PIK3CG;PIK3R1;PIK3R2;PIK3R3;PLCG2;POLR1C;POLR1D;POLR2E;POLR2F;POLR2H;POLR2K;POLR2L;POLR3A;POLR3B;POLR3C;POLR3D;POLR3E;POLR3F;POLR3G;POLR3GL;POLR3H;POLR3K;PRKCE;PTPN6;PYCARD;RAB5A;RAB7A;RAB7B;RABGEF1;RAET1E;RAET1G;RAP1A;RASGRP1;RASGRP2;RELA;RFX5;RHOA;RIPK1;RIPK3;RPS6KB1;S100A13;SCNN1B;SH2D1A;SHMT2;SLAMF1;SLAMF7;SLC30A8;SMAD2;SNAP23;SNCA;SP100;SPP1;STAT1;STAT2;STAT5B;STING1;STXBP2;STXBP3;SYK;TAB1;TAB2;TBK1;TICAM1;TICAM2;TIRAP;TLR1;TLR2;TLR3;TLR4;TLR5;TLR6;TLR7;TLR8;TLR9;TNF;TNFRSF1A;TOLLIP;TP53;TRAF3;TRAF6;TREM2;TRIM21;TRIM56;TYK2;TYROBP;UBD;ULBP1;ULBP2;ULBP3;VAMP2;VAMP7;VSIG4;WAS;WNT5A;XCL1;XCL2;ZBP1
Immunogenicity,TME/Stroma,204,8,ACVR1C;ACVR2A;ACVR2B;AKT1;AKT2;AKT3;AMH;AMHR2;ANGPT1;ANGPT2;ANGPT4;ARNT;BAD;BAMBI;BCL2;BMP2;BMP4;BMP6;BMP7;BMPR1A;BMPR1B;BMPR2;CAMK2A;CAMK2B;CASP1;CASP9;CDC42;CDK4;CDKN1A;CDKN1B;CDKN2B;CREBBP;CTNNB1;CUL1;CUL2;CYBB;DCN;E2F4;E2F5;EGF;EGFR;EGLN1;EGLN2;EGLN3;EIF4E1B;EIF4E2;EIF4EBP1;ELOB;ELOC;ENO1;ENO2;ENO3;ENO4;EP300;EPO;ERBB2;FBN1;FLT1;FMOD;FST;GAPDH;GDF5;GDF6;GDF7;GREM1;GREM2;HAMP;HIF1A;HJV;HRAS;HSPB1;ID1;IDE;IFNG;IFNGR1;IGF1;IGF1R;IGLL5;IL6;IL6R;INHBA;INHBB;INHBC;INHBE;INS;INSR;ITGB3;KDR;KRAS;LDHA;LDHAL6A;LDHC;LEFTY1;LEFTY2;LTBP1;LTBR;MAP2K1;MAP2K2;MAPK1;MAPK11;MAPK12;MAPK13;MAPK14;MAPK3;MAPKAPK2;MAPKAPK3;MAPT;MKNK1;MKNK2;MMP3;MTOR;MYC;NEO1;NFATC2;NFKB1;NODAL;NOG;NOS2;NOS3;NPPA;NRAS;PDHA2;PDHB;PDK1;PGK1;PGK2;PIK3CA;PIK3CB;PIK3CD;PIK3R1;PIK3R2;PIK3R3;PITX2;PLA2G4A;PLCG1;PLCG2;PPP2CA;PPP2CB;PPP2R1A;PPP2R1B;PPP3CA;PPP3CB;PPP3CC;PPP3R1;PPP3R2;PRKACA;PRKCA;PRKCB;PRKCG;PTGS2;PTK2;RAC2;RAC3;RAF1;RBL1;RBX1;RELA;RGMA;RGMB;RHOA;RIPK1;ROCK1;RPS6;RPS6KB1;RPS6KB2;SERPINE1;SH2D2A;SHC2;SKP1;SMAD1;SMAD2;SMAD3;SMAD4;SMAD5;SMAD6;SMAD7;SMAD9;SMURF1;SMURF2;SP1;SPHK1;SPHK2;SRC;STAT1;STAT3;TEK;TF;TFDP1;TFRC;TGFB1;TGFB3;TGFBR1;TGFBR2;TGIF1;TGIF2;THBS1;THSD4;TIMP1;TLR4;TNF;VHL;XIAP;ZFYVE16;ZFYVE9
